id,danceability,energy,key,loudness,mode,speechiness,acousticness,instrumentalness,liveness,valence,tempo,duration_ms
31VNCmwspR7nVJ6kruUuJt,0.854,0.636,11,-7.972,1,0.0406,0.527,0.0,0.135,0.858,125.512,279208
2xOhv7XudrBDtkID1jwsFE,0.808,0.414,5,-10.95,1,0.038,0.864,0.000118,0.174,0.609,115.041,252500
6KgZf5gZgF1KLNxq1qZgHP,0.844,0.677,6,-5.958,1,0.0564,0.171,2.34e-05,0.387,0.791,111.006,188108
2qWP5ZarXRsdmxzz3L3BtP,0.421,0.568,5,-5.462,1,0.0588,0.758,0.00016,0.257,0.384,200.049,222000
3Alwi53Ahc2GwHgvel42b2,0.827,0.611,10,-5.989,1,0.0297,0.606,4.33e-06,0.104,0.716,107.993,220223
4NTanSVXBkQ2NmDEbr2vLE,0.686,0.656,5,-6.375,0,0.0562,0.612,5.45e-06,0.394,0.65,138.059,194704
6f7M5UzYYeLFCMIBQhxk2J,0.486,0.305,0,-11.067,1,0.0272,0.729,0.0,0.0857,0.37,100.045,139264
3un8UkiPHJjlsrTHQnisXH,0.768,0.325,7,-11.863,1,0.15,0.133,7.69e-06,0.174,0.525,76.975,174545
1bG6Q8sR8jda7ryI365y8o,0.535,0.661,0,-7.797,1,0.0314,0.716,2.23e-05,0.125,0.337,135.054,236263
4oGgxjxVOI69h9uOpHOzwn,0.812,0.449,6,-9.165,1,0.293,0.101,7.77e-05,0.103,0.514,94.937,159164
3qhYidu0cemx1v9PgTtpS5,0.694,0.556,0,-7.097,1,0.0805,0.787,0.00688,0.115,0.485,145.954,249872
0SLhB9JLM4Ksz1XdwK3aQD,0.768,0.368,11,-13.274,0,0.047,0.329,0.105,0.284,0.365,107.998,165556
4CUvVaAYuXtvYURLFz7EIL,0.517,0.467,0,-7.222,1,0.0442,0.724,0.0,0.0908,0.453,199.815,208049
2ddbldKhKrYvOBbYa87cbj,0.487,0.371,2,-9.73,1,0.0306,0.595,4.11e-06,0.126,0.17,135.865,288380
1khMN4Adfi3LrZvxOq4YM5,0.548,0.611,5,-8.065,0,0.0837,0.266,0.0,0.174,0.401,79.837,291750
2JuHIbFudHwDqQssgqsH3i,0.771,0.438,3,-10.909,0,0.0745,0.794,0.0454,0.112,0.622,94.997,200842
05X3a0YGmS1rbH50aL8lGF,0.452,0.415,6,-6.667,1,0.0392,0.807,0.0,0.114,0.241,125.935,321905
4PCh6DAkUYKnEmvjV4ouOs,0.855,0.546,11,-7.492,0,0.0324,0.751,0.0111,0.104,0.463,107.983,185278
1LxaXT8hwdBWSNpOqTjF8R,0.748,0.474,7,-11.228,0,0.0354,0.206,9.43e-05,0.0832,0.446,124.976,223200
3ZbZtdEw9U0uZW4tZItIwq,0.604,0.737,10,-6.575,0,0.0372,0.16,0.0,0.115,0.36,154.173,181558
3A9A7mfVDVm3rrS9SMGhg5,0.695,0.44,6,-8.482,1,0.0332,0.678,0.00137,0.103,0.225,115.009,354783
4jWmhzf53Q0ZvZMuGdiR9x,0.739,0.537,2,-7.241,0,0.0394,0.251,0.0,0.0998,0.379,137.97,230676
0gzpqwLf1jhNjnSJEyweAX,0.75,0.349,0,-9.389,1,0.051,0.305,0.0,0.295,0.481,82.002,258472
4ih9noxBfg7euMjCPO0qNH,0.68,0.545,11,-7.026,0,0.116,0.537,0.0,0.121,0.363,204.141,156000
6IHLOkgZftkcqS3fM0jMCT,0.606,0.795,6,-5.508,1,0.25,0.374,0.000788,0.0759,0.657,189.788,183237
2qSkIjg1o9h3YT9RAgYN75,0.701,0.76,0,-5.478,1,0.0285,0.107,6.54e-05,0.185,0.69,103.969,175459
7wj9sGlHGTMQ28liyi48hz,0.632,0.615,4,-8.203,1,0.0321,0.332,0.000186,0.155,0.348,140.075,264000
7tFwBnuaGXqiiONukPRaCo,0.772,0.519,9,-10.351,1,0.0409,0.639,0.00203,0.101,0.628,120.038,197999
25h0TqC9H3BcMA7KjK5nHK,0.56,0.42,7,-10.729,1,0.257,0.882,0.000605,0.11,0.585,173.695,225862
6VXVYATpQXEIoZ97NnWCmn,0.775,0.358,9,-6.473,0,0.0527,0.861,0.0,0.415,0.524,139.982,241920
1MiJk3dXC5jzhvLFP0dUM7,0.66,0.578,9,-8.591,1,0.0306,0.45,8.86e-05,0.103,0.19,127.092,269021
0X28PqBpbQhWdi4usYw0w5,0.736,0.697,5,-8.883,1,0.109,0.00123,0.00148,0.0483,0.841,160.094,195000
1aKvZDoLGkNMxoRYgkckZG,0.797,0.668,6,-5.819,1,0.0687,0.257,0.0,0.0876,0.69,131.067,160688
6IAqflHsPVm4EpYghXauX7,0.494,0.395,6,-8.653,1,0.0301,0.887,1.43e-05,0.058,0.179,141.464,234168
0kHgteR4TV4LO80wrasDSR,0.843,0.484,5,-8.246,1,0.053,0.706,0.0,0.098,0.356,129.987,300719
3a2Oftcs10wtzw6AmxuTMU,0.638,0.106,3,-15.103,1,0.0424,0.955,1.1e-06,0.237,0.221,123.592,278732
5Msoarj5hk9LguTtiIyqug,0.691,0.564,0,-4.606,1,0.0266,0.774,0.0,0.144,0.356,110.043,208939
08GUMwJRpisuxHGyRzoSuu,0.808,0.541,9,-11.864,0,0.0654,0.0992,0.00351,0.0939,0.38,114.007,214737
08ULi904W2Po6pVj8nN7KC,0.659,0.522,3,-9.893,1,0.0472,0.715,1.02e-05,0.357,0.648,90.949,240000
5ECHJ1llWBNYLVCYrllD3x,0.71,0.552,5,-10.257,1,0.0694,0.761,1.22e-05,0.0921,0.617,139.904,255429
76dD9BdSOzsRJSGGBjOcUf,0.783,0.476,0,-8.096,0,0.0293,0.181,0.0,0.0892,0.533,100.017,192000
3YctJXK6kznnWl68TnYobN,0.703,0.28,3,-9.56,1,0.0293,0.726,0.000282,0.118,0.338,141.892,194006
4X2vrRE8Pi5hBMbWRjofAU,0.812,0.704,4,-4.499,1,0.148,0.352,0.0,0.104,0.554,138.013,170898
3wn8HJNjkY4wzTBy35ZvQ6,0.429,0.364,7,-10.006,1,0.0547,0.455,0.0,0.0907,0.0857,173.63,300000
0tGmDUHDoT8pxYhgAT3yNG,0.782,0.383,9,-12.702,0,0.0616,0.0522,0.000124,0.095,0.236,109.971,200727
5C1O3fpMsiisJpHiB1uuDf,0.505,0.499,2,-9.134,1,0.0309,0.425,0.0852,0.0574,0.237,77.767,197000
7bFFUPBiF15n8m8RziqS4o,0.581,0.558,5,-10.404,1,0.0432,0.627,0.00022,0.102,0.271,76.992,281494
4acXEYw7ayyJnm9GXDrqiL,0.775,0.44,9,-9.05,0,0.0355,0.493,0.000222,0.0591,0.451,99.993,268200
1VNWdmXSbaNrnWod10WIL0,0.264,0.64,8,-6.221,1,0.0442,0.0393,2.31e-06,0.151,0.19,84.828,244685
2DtUUBwYwEzKMTMDrc5EiO,0.857,0.557,0,-5.713,0,0.0394,0.403,0.0,0.0932,0.462,109.987,213641
6XRcOMGLBYVWYbMHE70nK2,0.791,0.402,10,-7.672,0,0.0441,0.4,0.0,0.115,0.478,100.016,217500
4nkRb1iWHIjvpVcWtCPzuY,0.48,0.461,4,-9.914,1,0.0333,0.78,0.0,0.162,0.523,71.944,192187
